{"cameraMode":{"drawMode":0,"name":"Shaded","section":"Shading Mode"},"sceneLighting":true,"audioPlay":false,"sceneViewState":{"m_AlwaysRefresh":false,"showFog":true,"showSkybox":true,"showFlares":true,"showImageEffects":true,"showParticleSystems":true,"showVisualEffectGraphs":true,"m_FxEnabled":true},"in2DMode":false,"pivot":{"x":-39.822059631347659,"y":29.87851905822754,"z":80.58540344238281},"rotation":{"x":0.04856729507446289,"y":0.0468631349503994,"z":0.0013003142084926367,"w":-0.9983242154121399},"size":49.70924758911133,"orthographic":false}