{"cameraMode":{"drawMode":0,"name":"Shaded","section":"Shading Mode"},"sceneLighting":true,"audioPlay":false,"sceneViewState":{"m_AlwaysRefresh":false,"showFog":true,"showSkybox":true,"showFlares":true,"showImageEffects":true,"showParticleSystems":true,"showVisualEffectGraphs":true,"m_FxEnabled":true},"in2DMode":false,"pivot":{"x":-141.92591857910157,"y":5.125640869140625,"z":-104.72325134277344},"rotation":{"x":-0.017437046393752099,"y":0.5023510456085205,"z":0.011931437999010086,"w":0.8650217056274414},"size":49.70924758911133,"orthographic":false}