{"cameraMode":{"drawMode":0,"name":"Shaded","section":"Shading Mode"},"sceneLighting":false,"audioPlay":false,"sceneViewState":{"m_AlwaysRefresh":false,"showFog":true,"showSkybox":false,"showFlares":true,"showImageEffects":true,"showParticleSystems":true,"showVisualEffectGraphs":true,"m_FxEnabled":true},"in2DMode":false,"pivot":{"x":-15.251538276672364,"y":1.8809269666671754,"z":1.1716850996017457},"rotation":{"x":0.012912089005112648,"y":0.6810487508773804,"z":0.012234106659889222,"w":-0.7322337627410889},"size":10.428839683532715,"orthographic":false}