{"cameraMode":{"drawMode":0,"name":"Shaded","section":"Shading Mode"},"sceneLighting":false,"audioPlay":false,"sceneViewState":{"m_AlwaysRefresh":false,"showFog":true,"showSkybox":false,"showFlares":true,"showImageEffects":true,"showParticleSystems":true,"showVisualEffectGraphs":true,"m_FxEnabled":true},"in2DMode":false,"pivot":{"x":1.4758403301239014,"y":-1.2429677248001099,"z":12.576884269714356},"rotation":{"x":-0.07811899483203888,"y":-0.02548772655427456,"z":0.0025491206906735899,"w":-0.9968938827514648},"size":11.36549186706543,"orthographic":false}